,name,slug,link,src1,src2,src3,desc,year
0,Project Wolf Hunting,project-wolf-hunting,https://phimmoi9.net/ke-hoach-san-soi.html,https://likecdn.net/v/9378952785.html,https://ssplay.net/v/877380791223711.html,,KẾ HOẠCH SĂN SÓI,2022
1,Darkness Falls,darkness-falls,https://phimmoi9.net/khi-man-dem-buong-xuong.html,https://phimmoi9.net/play.php?link=https://kd.hd-bophim.com/20230218/32167_bad87018/index.m3u8,,,KHI MÀN ĐÊM BUÔNG XUỐNG,2003
2,Florence Foster Jenkins,florence-foster-jenkins,https://phimmoi9.net/theo-duoi-dam-me.html,https://phimmoi9.net/play.php?link=https://kd.hd-bophim.com/20230218/32168_5c03d694/index.m3u8,,,THEO ĐUỔI ĐAM MÊ,2016
3,Goyas Ghosts,goyas-ghosts,https://phimmoi9.net/bong-ma-goya.html,https://phimmoi9.net/play.php?link=https://kd.hd-bophim.com/20230218/32171_94f4fb07/index.m3u8,,,BÓNG MA GOYA,2006
4,Honey,honey,https://phimmoi9.net/vu-cong-ngot-ngao.html,https://phimmoi9.net/play.php?link=https://kd.hd-bophim.com/20230218/32176_861bd54f/index.m3u8,,,VŨ CÔNG NGỌT NGÀO,2003
5,In the Land of Women,in-the-land-of-women,https://phimmoi9.net/in-the-land-of-women.html,https://phimmoi9.net/play.php?link=https://kd.hd-bophim.com/20230218/32179_e5de3940/index.m3u8,,,IN THE LAND OF WOMEN,2007
6,LOL,lol,https://phimmoi9.net/tuoi-teen-noi-loan.html,https://phimmoi9.net/play.php?link=https://kd.hd-bophim.com/20230218/32180_b46a4d89/index.m3u8,,,TUỔI TEEN NỔI LOẠN,2012
7,The Long Kiss Goodnight,the-long-kiss-goodnight,https://phimmoi9.net/nu-hon-dai-tu-biet.html,https://phimmoi9.net/play.php?link=https://kd.hd-bophim.com/20230218/32181_3a3ca34f/index.m3u8,,,NỤ HÔN DÀI TỪ BIỆT,1996
8,White Heat,white-heat,https://phimmoi9.net/lua-trang.html,https://phimmoi9.net/play.php?link=https://kd.hd-bophim.com/20230218/32182_75e27fe4/index.m3u8,,,LỬA TRẮNG,1949
9,감독님 대물 만지며 모니터링하는 AV 여배우,gamdognim-daemul-manjimyeo-moniteoringhaneun-av-yeobaeu,https://phimmoi9.net/hay-lam-theo-loi-cua-dao-dien.html,https://phimmoi9.net/play.php?link=https://vie.haiphim.com/20230217/26363_fd26eec4/index.m3u8,,,HÃY LÀM THEO LỜI CỦA ĐẠO DIỄN,2022
10,욕망 : 소원을 말해봐,yogmang-soweoneul-malhaebwa,https://phimmoi9.net/dieu-uoc-cua-anh-chang-dep-trai.html,https://phimmoi9.net/play.php?link=https://vie.haiphim.com/20230217/26362_4899bf38/index.m3u8,,,ĐIỀU ƯỚC CỦA ANH CHÀNG ĐẸP TRAI,2021
11,Wazir,wazir,https://phimmoi9.net/cuoc-choi-bi-an.html,https://phimmoi9.net/play.php?link=https://kd.hd-bophim.com/20230217/32084_b7135acb/index.m3u8,,,CUỘC CHƠI BÍ ẨN,2016
12,Phineas and Ferb the Movie: Across the 2nd Dimension,phineas-and-ferb-the-movie-across-the-2nd-dimension,https://phimmoi9.net/phineas-va-ferb-bang-qua-chieu-khong-gian-thu-2.html,,,,PHINEAS VÀ FERB: BĂNG QUA CHIỀU KHÔNG GIAN THỨ 2,2011
13,Barabbas,barabbas,https://phimmoi9.net/tuong-cuop-barabbas.html,https://phimmoi9.net/play.php?link=https://kd.hd-bophim.com/20230217/32029_cbb89eb7/index.m3u8,,,TƯỚNG CƯỚP BARABBAS,1961
14,Peaceful Warrior,peaceful-warrior,https://phimmoi9.net/chien-binh-hoa-binh.html,https://phimmoi9.net/play.php?link=https://kd.hd-bophim.com/20230217/32067_8cbcdccf/index.m3u8,,,CHIẾN BINH HÒA BÌNH,2006
15,Bonjour Tristesse,bonjour-tristesse,https://phimmoi9.net/buon-oi-chao-mi.html,https://phimmoi9.net/play.php?link=https://kd.hd-bophim.com/20230217/32037_1b2fc23e/index.m3u8,,,"BUỒN ƠI, CHÀO MI",1958
16,Hellbound: Hellraiser II,hellbound-hellraiser-ii,https://phimmoi9.net/ma-dinh-2.html,https://phimmoi9.net/play.php?link=https://kd.hd-bophim.com/20230217/32046_d63ea300/index.m3u8,,,MA ĐINH 2,1988
17,Immortal Beloved,immortal-beloved,https://phimmoi9.net/tinh-yeu-bat-hu.html,https://phimmoi9.net/play.php?link=https://kd.hd-bophim.com/20230217/32054_754b02d0/index.m3u8,,,TÌNH YÊU BẤT HỦ,1994
18,Sniper,sniper,https://phimmoi9.net/sniper.html,https://phimmoi9.net/play.php?link=https://kd.hd-bophim.com/20230217/32078_33f8b8b5/index.m3u8,,,SNIPER,1993
19,Youth in Revolt,youth-in-revolt,https://phimmoi9.net/youth-in-revolt.html,https://phimmoi9.net/play.php?link=https://kd.hd-bophim.com/20230217/32100_a80b6e91/index.m3u8,,,YOUTH IN REVOLT,2009
20,Aashiqui 2,aashiqui-2,https://phimmoi9.net/vi-ngot-tinh-yeu-2.html,https://phimmoi9.net/play.php?link=https://kd.hd-bophim.com/20230217/32155_4ba262f0/index.m3u8,,,VỊ NGỌT TÌNH YÊU 2,2013
21,Student of the Year,student-of-the-year,https://phimmoi9.net/sinh-vien-cua-nam.html,https://phimmoi9.net/play.php?link=https://kd.hd-bophim.com/20230217/32156_96aec758/index.m3u8,,,SINH VIÊN CỦA NĂM,2012
22,The Bay,the-bay,https://phimmoi9.net/vinh-tu-than.html,https://phimmoi9.net/play.php?link=https://kd.hd-bophim.com/20230217/32160_f9d58f52/index.m3u8,,,VỊNH TỬ THẦN,2012
23,Were No Angels,were-no-angels,https://phimmoi9.net/phut-huong-thien.html,https://phimmoi9.net/play.php?link=https://kd.hd-bophim.com/20230217/32161_82d7a3bb/index.m3u8,,,PHÚT HƯỚNG THIỆN,1989
24,Er Long Hu Wang Shi Jing Hun Ye,er-long-hu-wang-shi-jing-hun-ye,https://phimmoi9.net/nhi-long-ho-dem-kinh-hoang.html,https://phimmoi9.net/play.php?link=https://hd.hdbophim.com/20230217/31840_e8bdb5c6/index.m3u8,,,NHỊ LONG HỒ: ĐÊM KINH HOÀNG,2021
25,Sharper,sharper,https://phimmoi9.net/ke-lua-dao-2023.html,https://likecdn.net/v/4571730784.html,https://ssplay.net/v/529938763628403.html,https://phimmoi9.net/play.php?link=https://hd.hdbophim.com/20230217/31823_7547b6b8/index.m3u8,KẺ LỪA ĐẢO,2023
26,Ditto,ditto,https://phimmoi9.net/thanh-am-tinh-dau.html,https://phimmoi9.net/play.php?link=https://vie.haiphim.com/20230214/26337_31c15ea1/index.m3u8,,,THANH ÂM TÌNH ĐẦU,2022
27,Infinity Pool,infinity-pool,https://phimmoi9.net/ho-boi-vo-cuc.html,https://ssplay.net/v/508201053573025.html,https://phimmoi9.net/play.php?link=https://hd.hdbophim.com/20230217/31794_06eac31d/index.m3u8,,HỒ BƠI VÔ CỰC,2023
28,마사지 받고 축축해진 음란한 여직원,masaji-badgo-cugcughaejin-eumranhan-yeojigweon,https://phimmoi9.net/co-nang-xinh-dep-va-tiem-mat-xa-toan-than.html,https://phimmoi9.net/play.php?link=https://vie.haiphim.com/20230216/26361_1b9df1ce/index.m3u8,,,CÔ NÀNG XINH ĐẸP VÀ TIỆM MÁT XA TOÀN THÂN,2022
29,캠핑장 변태 여주인,kaempingjang-byeontae-yeojuin,https://phimmoi9.net/co-chu-dam-dang-cua-khu-cam-trai.html,https://phimmoi9.net/play.php?link=https://vie.haiphim.com/20230216/26360_36248640/index.m3u8,,,CÔ CHỦ ĐẢM ĐANG CỦA KHU CẮM TRẠI,2022
30,OMG! Oh My Girl,omg-oh-my-girl,https://phimmoi9.net/quyet-tam-cua-em.html,https://phimmoi9.net/play.php?link=https://hd.hdbophim.com/20230217/31797_7f6dfe88/index.m3u8,,,QUYẾT TÂM CUA EM,2022
31,3096 Tage,3096-tage,https://phimmoi9.net/ac-mong-3096.html,https://phimmoi9.net/play.php?link=https://kd.hd-bophim.com/20230216/31951_a78ea872/index.m3u8,,,ÁC MỘNG 3096,2013
32,Batman and Harley Quinn,batman-and-harley-quinn,https://phimmoi9.net/nguoi-doi-va-harley-quinn.html,,,,NGƯỜI DƠI VÀ HARLEY QUINN,2017
33,Bring Me the Head of Alfredo Garcia,bring-me-the-head-of-alfredo-garcia,https://phimmoi9.net/bring-me-the-head-of-alfredo-garcia.html,https://phimmoi9.net/play.php?link=https://kd.hd-bophim.com/20230216/31953_004d3db7/index.m3u8,,,BRING ME THE HEAD OF ALFREDO GARCIA,1974
34,Country Strong,country-strong,https://phimmoi9.net/manh-me-chat-dong-que.html,https://phimmoi9.net/play.php?link=https://kd.hd-bophim.com/20230216/31954_834f7691/index.m3u8,,,MẠNH MẼ CHẤT ĐỒNG QUÊ,2010
35,Fame,fame,https://phimmoi9.net/fame.html,https://phimmoi9.net/play.php?link=https://kd.hd-bophim.com/20230216/31955_0dc43648/index.m3u8,,,FAME,2009
36,In the Realm of the Senses,in-the-realm-of-the-senses,https://phimmoi9.net/vuong-quoc-duc-cam.html,https://phimmoi9.net/play.php?link=https://kd.hd-bophim.com/20230216/31956_0f9e70e9/index.m3u8,,,VƯƠNG QUỐC DỤC CẢM,1976
37,Scary Movie 4,scary-movie-4,https://phimmoi9.net/scary-movie-4.html,https://phimmoi9.net/play.php?link=https://kd.hd-bophim.com/20230216/31957_fc5fd58d/index.m3u8,,,SCARY MOVIE 4,2006
38,Sniper 2,sniper-2,https://phimmoi9.net/linh-ban-tia-2.html,https://phimmoi9.net/play.php?link=https://kd.hd-bophim.com/20230216/31958_931bb47e/index.m3u8,,,LÍNH BẮN TỈA 2,2002
39,The Brood,the-brood,https://phimmoi9.net/bay-quy.html,https://phimmoi9.net/play.php?link=https://kd.hd-bophim.com/20230216/31959_867d30f9/index.m3u8,,,BẦY QUỶ,1979
40,The Professional,the-professional,https://phimmoi9.net/tay-chuyen-nghiep.html,https://phimmoi9.net/play.php?link=https://kd.hd-bophim.com/20230216/31962_612da421/index.m3u8,,,TAY CHUYÊN NGHIỆP,1981
41,The Woman Next Door,the-woman-next-door,https://phimmoi9.net/ban-gai-nha-ke.html,https://phimmoi9.net/play.php?link=https://kd.hd-bophim.com/20230216/31967_c2db70db/index.m3u8,,,BẠN GÁI NHÀ KẾ,1981
42,La Querida,la-querida,https://phimmoi9.net/gai-dong.html,https://likecdn.net/v/1577056447.html,https://ssplay.net/v/248815743045674.html,https://phimmoi9.net/play.php?link=https://kd.hd-bophim.com/20230216/31922_d6240c2e/index.m3u8,GÁI DÒNG,2023
43,Seed of Chucky,seed-of-chucky,https://phimmoi9.net/dua-con-cua-chucky.html,https://phimmoi9.net/play.php?link=https://hd.hdbophim.com/20230216/31724_476fe724/index.m3u8,,,ĐỨA CON CỦA CHUCKY,2004
44,Colors of Love,colors-of-love,https://phimmoi9.net/sac-mau-tinh-yeu.html,https://phimmoi9.net/play.php?link=https://hd.hdbophim.com/20230216/31736_38b43ce7/index.m3u8,,,SẮC MÀU TÌNH YÊU,2021
45,The Little Hours,the-little-hours,https://phimmoi9.net/rang-ngay.html,https://phimmoi9.net/play.php?link=https://hd.hdbophim.com/20230216/31735_db3982db/index.m3u8,,,RẠNG NGÀY,2017
46,The Womb,the-womb,https://phimmoi9.net/bao-thai.html,https://likecdn.net/v/9809507698.html,https://ssplay.net/v/855276688105530.html,https://phimmoi9.net/play.php?link=https://hd.hdbophim.com/20230216/31713_3ed5603f/index.m3u8,BÀO THAI,2022
47,Family Camp,family-camp,https://phimmoi9.net/family-camp.html,https://phimmoi9.net/play.php?link=https://kd.hd-bophim.com/20230216/31764_a5c598ab/index.m3u8,,,FAMILY CAMP,2022
48,Freedomland,freedomland,https://phimmoi9.net/vung-dat-tu-do.html,https://phimmoi9.net/play.php?link=https://kd.hd-bophim.com/20230215/31661_7b80a75d/index.m3u8,,,VÙNG ĐẤT TỰ DO,2006
49,M,m,https://phimmoi9.net/m.html,https://phimmoi9.net/play.php?link=https://kd.hd-bophim.com/20230215/31666_f58bb6a8/index.m3u8,,,M,1931
50,Monsieur Hire,monsieur-hire,https://phimmoi9.net/monsieur-hire.html,https://phimmoi9.net/play.php?link=https://kd.hd-bophim.com/20230215/31670_7f2b58c8/index.m3u8,,,MONSIEUR HIRE,1989
51,Stone,stone,https://phimmoi9.net/soi-da.html,https://phimmoi9.net/play.php?link=https://kd.hd-bophim.com/20230215/31675_e434df09/index.m3u8,,,SỎI ĐÁ,2010
52,The Alamo,the-alamo,https://phimmoi9.net/the-alamo.html,https://phimmoi9.net/play.php?link=https://kd.hd-bophim.com/20230215/31687_cb689a00/index.m3u8,,,THE ALAMO,1960
53,The Big Blue,the-big-blue,https://phimmoi9.net/dai-duong-xanh.html,https://phimmoi9.net/play.php?link=https://kd.hd-bophim.com/20230215/31693_6f9a9810/index.m3u8,,,ĐẠI DƯƠNG XANH,1988
54,The Mission,the-mission,https://phimmoi9.net/su-menh-cua-chua.html,https://phimmoi9.net/play.php?link=https://kd.hd-bophim.com/20230215/31699_5d4f32f3/index.m3u8,,,SỨ MỆNH CỦA CHÚA,1986
55,The Mountain II,the-mountain-ii,https://phimmoi9.net/ngon-nui-2.html,https://phimmoi9.net/play.php?link=https://kd.hd-bophim.com/20230215/31704_46774b50/index.m3u8,,,NGỌN NÚI 2,2016
56,This Boys Life,this-boys-life,https://phimmoi9.net/cuoc-doi-chu-nhoc.html,https://phimmoi9.net/play.php?link=https://kd.hd-bophim.com/20230215/31708_7802422f/index.m3u8,,,CUỘC ĐỜI CHÚ NHÓC,1993
57,In the Fade,in-the-fade,https://phimmoi9.net/cuoc-chien-cong-ly.html,https://phimmoi9.net/play.php?link=https://kd.hd-bophim.com/20230215/31735_1f66d95e/index.m3u8,,,CUỘC CHIẾN CÔNG LÝ,2017
58,Omen III: The Final Conflict,omen-iii-the-final-conflict,https://phimmoi9.net/xung-dot-cuoi-cung.html,https://phimmoi9.net/play.php?link=https://kd.hd-bophim.com/20230215/31736_6517acfd/index.m3u8,,,XUNG ĐỘT CUỐI CÙNG,1981
59,The Odd Couple II,the-odd-couple-ii,https://phimmoi9.net/the-odd-couple-ii.html,https://phimmoi9.net/play.php?link=https://kd.hd-bophim.com/20230215/31737_36c80341/index.m3u8,,,THE ODD COUPLE II,1998
60,The Titan,the-titan,https://phimmoi9.net/ke-thu-nghiem.html,https://phimmoi9.net/play.php?link=https://kd.hd-bophim.com/20230215/31739_117e4aa4/index.m3u8,,,KẺ THỬ NGHIỆM,2018
61,What Lies Beneath,what-lies-beneath,https://phimmoi9.net/what-lies-beneath.html,https://phimmoi9.net/play.php?link=https://kd.hd-bophim.com/20230216/31740_9996b657/index.m3u8,,,WHAT LIES BENEATH,2000
62,과외 선생님을 후렸다,gwaoe-seonsaengnimeul-huryeossda,https://phimmoi9.net/toi-da-day-do-gia-su-xinh-dep-cua-toi.html,https://phimmoi9.net/play.php?link=https://vie.haiphim.com/20230215/26346_5421e036/index.m3u8,,,TÔI ĐÃ DẠY DỖ GIA SƯ XINH ĐẸP CỦA TÔI,2022
63,큰 가슴을 가진 소녀들의 체육관,keun-gaseumeul-gajin-sonyeodeulyi-ceyuggwan,https://phimmoi9.net/phong-gym-cua-nhung-co-nang-nguc-khung.html,https://phimmoi9.net/play.php?link=https://vie.haiphim.com/20230215/26345_491f8b82/index.m3u8,,,PHÒNG GYM CỦA NHỮNG CÔ NÀNG NGỰC KHỦNG,2022
64,All the Places,all-the-places,https://phimmoi9.net/toi-muon-noi.html,https://phimmoi9.net/play.php?link=https://hd.hdbophim.com/20230215/31602_a45c0175/index.m3u8,,,TỚI MUÔN NƠI,2023
65,A Sunday Affair,a-sunday-affair,https://phimmoi9.net/sunday-yeu-dau.html,https://phimmoi9.net/play.php?link=https://hd.hdbophim.com/20230215/31601_b4b5734f/index.m3u8,,,SUNDAY YÊU DẤU,2023
66,Re/Member,re-member,https://phimmoi9.net/remember-2022.html,https://phimmoi9.net/play.php?link=https://hd.hdbophim.com/20230215/31600_0c9c1ac4/index.m3u8,,,RE/MEMBER,2022
67,Jim Jefferies: High u0026 Dry,jim-jefferies-high-u0026-dry,https://phimmoi9.net/jim-jefferies-phe-va-khong-say.html,https://phimmoi9.net/play.php?link=https://hd.hdbophim.com/20230215/31587_cb17b39e/index.m3u8,,,JIM JEFFERIES: PHÊ VÀ KHÔNG SAY,2023
68,If Only,if-only,https://phimmoi9.net/gia-nhu.html,https://phimmoi9.net/play.php?link=https://kd.hd-bophim.com/20230213/31348_95822478/index.m3u8,,,GIÁ NHƯ,2004
69,I Think I Love My Wife,i-think-i-love-my-wife,https://phimmoi9.net/i-think-i-love-my-wife.html,https://phimmoi9.net/play.php?link=https://kd.hd-bophim.com/20230214/31521_766fd58f/index.m3u8,,,I THINK I LOVE MY WIFE,2007
70,Murder 3,murder-3,https://phimmoi9.net/sat-nhan-3.html,https://phimmoi9.net/play.php?link=https://kd.hd-bophim.com/20230214/31522_3831f7d1/index.m3u8,,,SÁT NHÂN 3,2013
71,Paulie,paulie,https://phimmoi9.net/paulie.html,https://phimmoi9.net/play.php?link=https://kd.hd-bophim.com/20230214/31523_3973d403/index.m3u8,,,PAULIE,1998
72,The Cove,the-cove,https://phimmoi9.net/nan-san-ca-heo.html,https://phimmoi9.net/play.php?link=https://kd.hd-bophim.com/20230214/31524_4d85ec43/index.m3u8,,,NẠN SĂN CÁ HEO,2009
73,The Man in the Moon,the-man-in-the-moon,https://phimmoi9.net/nguoi-tren-mat-trang.html,https://phimmoi9.net/play.php?link=https://kd.hd-bophim.com/20230214/31525_62804185/index.m3u8,,,NGƯỜI TRÊN MẶT TRĂNG,1991
74,The Swimming Pool,the-swimming-pool,https://phimmoi9.net/nguoi-yeu-cu.html,https://phimmoi9.net/play.php?link=https://kd.hd-bophim.com/20230214/31526_5bab6660/index.m3u8,,,NGƯỜI YÊU CŨ,1969
75,Two Brothers,two-brothers,https://phimmoi9.net/hai-anh-em-ho.html,https://phimmoi9.net/play.php?link=https://kd.hd-bophim.com/20230214/31527_d183ee0f/index.m3u8,,,HAI ANH EM HỔ,2004
76,The Mexican,the-mexican,https://phimmoi9.net/nguoi-me-xi-co.html,https://phimmoi9.net/play.php?link=https://kd.hd-bophim.com/20230214/31373_147d6c7e/index.m3u8,,,NGƯỜI MÊ XI CÔ,2001
77,John Tucker Must Die,john-tucker-must-die,https://phimmoi9.net/tra-thu-ten-sat-gai.html,https://phimmoi9.net/play.php?link=https://kd.hd-bophim.com/20230213/31352_a8d4cbb6/index.m3u8,,,TRẢ THÙ TÊN SÁT GÁI,2006
78,Nowhere to Run,nowhere-to-run,https://phimmoi9.net/khong-noi-tron-chay.html,https://phimmoi9.net/play.php?link=https://kd.hd-bophim.com/20230213/31355_c143a8a8/index.m3u8,,,KHÔNG NƠI TRỐN CHẠY,1993
79,The Ghost and the Darkness,the-ghost-and-the-darkness,https://phimmoi9.net/ac-thu-va-bong-dem.html,https://phimmoi9.net/play.php?link=https://kd.hd-bophim.com/20230213/31360_34922c49/index.m3u8,,,ÁC THÚ VÀ BÓNG ĐÊM,1996
80,The Legend of Hell House,the-legend-of-hell-house,https://phimmoi9.net/ngoi-nha-dia-nguc.html,https://phimmoi9.net/play.php?link=https://kd.hd-bophim.com/20230214/31365_8f4ee96c/index.m3u8,,,NGÔI NHÀ ĐỊA NGỤC,1973
81,"Carry On, Munna Bhai",carry-on-munna-bhai,https://phimmoi9.net/carry-on-munna-bhai.html,https://phimmoi9.net/play.php?link=https://kd.hd-bophim.com/20230213/31330_856513c3/index.m3u8,,,"CARRY ON, MUNNA BHAI",2006
82,Dragon Inn,dragon-inn,https://phimmoi9.net/long-mon-khach-san.html,https://phimmoi9.net/play.php?link=https://kd.hd-bophim.com/20230213/31335_77952879/index.m3u8,,,LONG MÔN KHÁCH SẠN,1967
83,Far Cry,far-cry,https://phimmoi9.net/far-cry.html,https://phimmoi9.net/play.php?link=https://kd.hd-bophim.com/20230213/31340_2bb2500b/index.m3u8,,,FAR CRY,2008
84,Ri¢hie Ri¢h,ric-hie-ric-h,https://phimmoi9.net/ri%C2%A2hie-ri%C2%A2h.html,,,,RI¢HIE RI¢H,1994
85,Sherlock Jr.,sherlock-jr,https://phimmoi9.net/sherlock-jr.html,,,,SHERLOCK JR.,1924
86,Hatchet II,hatchet-ii,https://phimmoi9.net/luoi-riu-2.html,https://phimmoi9.net/play.php?link=https://kd.hd-bophim.com/20230213/31344_be80c305/index.m3u8,,,LƯỠI RÌU 2,2010
87,Barking Dogs Never Bite,barking-dogs-never-bite,https://phimmoi9.net/chu-cho-mat-tich.html,https://phimmoi9.net/play.php?link=https://kd.hd-bophim.com/20230213/31323_dca5ff2c/index.m3u8,,,CHÚ CHÓ MẤT TÍCH,2000
88,Big Stan,big-stan,https://phimmoi9.net/dai-ca-stan.html,https://phimmoi9.net/play.php?link=https://kd.hd-bophim.com/20230213/31324_632946b9/index.m3u8,,,ĐẠI CA STAN,2007
89,We Made a Beautiful Bouquet,we-made-a-beautiful-bouquet,https://phimmoi9.net/tinh-ta-dep-tua-doa-hoa.html,https://phimmoi9.net/play.php?link=https://hd.hdbophim.com/20230214/31474_67d85de4/index.m3u8,,,TÌNH TA ĐẸP TỰA ĐÓA HOA,2021
90,친구 남편 - 이 남자의 그 곳이 그리워,cingu-nampyeon-i-namjayi-geu-gosi-geuriweo,https://phimmoi9.net/nguoi-chong-dep-trai-cua-ban-than.html,https://phimmoi9.net/play.php?link=https://vie.haiphim.com/20230214/26339_81040764/index.m3u8,,,NGƯỜI CHỒNG ĐEP TRAI CỦA BẠN THÂN,2022
91,오피스텔 여대생들 : 무삭제,opiseutel-yeodaesaengdeul-musagje,https://phimmoi9.net/khi-nhung-nu-sinh-dai-hoc-lam-them.html,https://phimmoi9.net/play.php?link=https://vie.haiphim.com/20230214/26338_9422d454/index.m3u8,,,KHI NHỮNG NỮ SINH ĐẠI HỌC LÀM THÊM,2022
92,The Beasts,the-beasts,https://phimmoi9.net/nhung-con-quai-vat.html,https://phimmoi9.net/play.php?link=https://hd.hdbophim.com/20230214/31492_ef25cc66/index.m3u8,,,NHỮNG CON QUÁI VẬT,2022
93,Squared Love All Over Again,squared-love-all-over-again,https://phimmoi9.net/yeu-binh-phuong-lai-tu-dau.html,https://phimmoi9.net/play.php?link=https://hd.hdbophim.com/20230213/31455_c53cc0db/index.m3u8,,,YÊU BÌNH PHƯƠNG LẠI TỪ ĐẦU,2023
94,Little Dixie,little-dixie,https://phimmoi9.net/little-dixie.html,https://likecdn.net/v/1250358165.html,https://ssplay.net/v/385456072373522.html,https://phimmoi9.net/play.php?link=https://hd.hdbophim.com/20230213/31450_edc54668/index.m3u8,DIXIE BÉ BỎNG,2023
95,Mind Games - The Experiment,mind-games-the-experiment,https://phimmoi9.net/tro-choi-tri-tue-thu-nghiem.html,https://phimmoi9.net/play.php?link=https://hd.hdbophim.com/20230212/31417_79e03362/index.m3u8,,,TRÒ CHƠI TRÍ TUỆ - THỬ NGHIỆM,2023
96,KSI: In Real Life,ksi-in-real-life,https://phimmoi9.net/ksi-ngoai-doi-thuc.html,https://phimmoi9.net/play.php?link=https://hd.hdbophim.com/20230212/31416_a8ec5d6e/index.m3u8,,,KSI: NGOÀI ĐỜI THỰC,2023
97,Dune,dune,https://phimmoi9.net/xu-cat.html,https://phimmoi9.net/play.php?link=https://hd.hdbophim.com/20230212/31415_ba59937a/index.m3u8,,,XỨ CÁT,1984
98,Bela Luna,bela-luna,https://phimmoi9.net/bela-luna.html,https://likecdn.net/v/8013703020.html,https://ssplay.net/v/654141855322652.html,https://phimmoi9.net/play.php?link=https://hd.hdbophim.com/20230212/31401_280dbbf6/index.m3u8,BELA LUNA,2023
99,Almighty Thor,almighty-thor,https://phimmoi9.net/chiec-bua-quyen-nang.html,https://phimmoi9.net/play.php?link=https://kd.hd-bophim.com/20230211/31050_473b1f91/index.m3u8,,,CHIẾC BÚA QUYỀN NĂNG,2011
100,As Far As My Feet Will Carry Me,as-far-as-my-feet-will-carry-me,https://phimmoi9.net/vuot-ngan-dam-xa.html,https://phimmoi9.net/play.php?link=https://kd.hd-bophim.com/20230211/31052_4c66da37/index.m3u8,,,VƯỢT NGÀN DẶM XA,2001
101,BloodRayne II: Deliverance,bloodrayne-ii-deliverance,https://phimmoi9.net/bloodrayne-2-deliverance.html,https://phimmoi9.net/play.php?link=https://kd.hd-bophim.com/20230211/31053_e80b801a/index.m3u8,,,BLOODRAYNE 2: DELIVERANCE,2007
102,Cinderella 2: Dreams Come True,cinderella-2-dreams-come-true,https://phimmoi9.net/lo-lem-ii-giac-mo-thanh-su-that.html,,,,LỌ LEM II: GIẤC MƠ THÀNH SỰ THẬT,2002
103,Cinderella 3: A Twist in Time,cinderella-3-a-twist-in-time,https://phimmoi9.net/lo-lem-iii-quay-nguoc-thoi-gian.html,,,,LỌ LEM III: QUAY NGƯỢC THỜI GIAN,2007
104,Crimson Rivers II: Angels of the Apocalypse,crimson-rivers-ii-angels-of-the-apocalypse,https://phimmoi9.net/thien-su-khai-huyen.html,https://phimmoi9.net/play.php?link=https://kd.hd-bophim.com/20230212/31085_709ede7b/index.m3u8,,,THIÊN SỨ KHẢI HUYỀN,2004
105,Fanboys,fanboys,https://phimmoi9.net/nhung-ke-cuong-si.html,https://phimmoi9.net/play.php?link=https://kd.hd-bophim.com/20230212/31086_9719f47e/index.m3u8,,,NHỮNG KẺ CUỒNG SI,2009
106,Goldfinger,goldfinger,https://phimmoi9.net/diep-vien-007-ngon-tay-vang.html,https://phimmoi9.net/play.php?link=https://kd.hd-bophim.com/20230212/31087_0cab14f1/index.m3u8,,,ĐIỆP VIÊN 007: NGÓN TAY VÀNG,1964
107,In My Fathers Den,in-my-fathers-den,https://phimmoi9.net/to-am-cua-cha.html,https://phimmoi9.net/play.php?link=https://kd.hd-bophim.com/20230212/31088_d2933243/index.m3u8,,,TỔ ẤM CỦA CHA,2004
108,Patton,patton,https://phimmoi9.net/dai-tuong-patton.html,https://phimmoi9.net/play.php?link=https://kd.hd-bophim.com/20230212/31089_0b322f53/index.m3u8,,,ĐẠI TƯỚNG PATTON,1970
109,Phantom of the Opera,phantom-of-the-opera,https://phimmoi9.net/bong-ma-trong-nha-hat.html,https://phimmoi9.net/play.php?link=https://kd.hd-bophim.com/20230212/31090_c91e1487/index.m3u8,,,BÓNG MA TRONG NHÀ HÁT,1943
110,Thunderball,thunderball,https://phimmoi9.net/diep-vien-007-qua-cau-sam-set.html,https://phimmoi9.net/play.php?link=https://kd.hd-bophim.com/20230212/31092_4fca82f3/index.m3u8,,,ĐIỆP VIÊN 007: QUẢ CẦU SẤM SÉT,1965
111,Turbulence,turbulence,https://phimmoi9.net/bao-to-khong-trung.html,https://phimmoi9.net/play.php?link=https://kd.hd-bophim.com/20230212/31093_73ee6d59/index.m3u8,,,BÃO TỐ KHÔNG TRUNG,1997
112,A Cat in Paris,a-cat-in-paris,https://phimmoi9.net/chu-meo-o-paris.html,,,,CHÚ MÈO Ở PARIS,2010
113,Animals United,animals-united,https://phimmoi9.net/vuong-quoc-thu.html,,,,VƯƠNG QUỐC THÚ,2010
114,Far and Away,far-and-away,https://phimmoi9.net/far-and-away.html,https://phimmoi9.net/play.php?link=https://kd.hd-bophim.com/20230212/31097_b208c3ad/index.m3u8,,,FAR AND AWAY,1992
115,Half Nelson,half-nelson,https://phimmoi9.net/half-nelson.html,https://phimmoi9.net/play.php?link=https://kd.hd-bophim.com/20230212/31098_b0e4ba4f/index.m3u8,,,HALF NELSON,2006
116,Make Me Shudder,make-me-shudder,https://phimmoi9.net/make-me-shudder.html,https://phimmoi9.net/play.php?link=https://kd.hd-bophim.com/20230212/31099_d6159f64/index.m3u8,,,MAKE ME SHUDDER,2013
117,Project A 2,project-a-2,https://phimmoi9.net/project-a-2.html,https://phimmoi9.net/play.php?link=https://kd.hd-bophim.com/20230212/31091_6edded6e/index.m3u8,,,PROJECT A 2,1987
118,Management,management,https://phimmoi9.net/quan-ly-nguoi-yeu.html,https://phimmoi9.net/play.php?link=https://kd.hd-bophim.com/20230212/31101_04838fee/index.m3u8,,,QUẢN LÝ NGƯỜI YÊU,2008
119,Mickeys Christmas Carol,mickeys-christmas-carol,https://phimmoi9.net/mickey-va-nhung-nguoi-ban-giang-sinh.html,,,,MICKEY VÀ NHỮNG NGƯỜI BẠN GIÁNG SINH,1983
120,Quo Vadis,quo-vadis,https://phimmoi9.net/lay-thay-thay-di-dau.html,https://phimmoi9.net/play.php?link=https://kd.hd-bophim.com/20230212/31103_4143ba2f/index.m3u8,,,"LẠY THẦY, THẦY ĐI ĐÂU",1951
121,Rapid Fire,rapid-fire,https://phimmoi9.net/phuc-han.html,https://phimmoi9.net/play.php?link=https://kd.hd-bophim.com/20230212/31104_fdaae064/index.m3u8,,,PHỤC HẬN,1992
122,The Man Who Knew Too Much,the-man-who-knew-too-much,https://phimmoi9.net/nguoi-dan-ong-biet-qua-nhieu.html,https://phimmoi9.net/play.php?link=https://kd.hd-bophim.com/20230212/31105_13475200/index.m3u8,,,NGƯỜI ĐÀN ÔNG BIẾT QUÁ NHIỀU,1956
123,The Fabelmans,the-fabelmans,https://phimmoi9.net/gia-dinh-fabelman.html,https://phimmoi9.net/play.php?link=https://hd.hdbophim.com/20221219/27553_5471f9d7/index.m3u8,,,GIA ĐÌNH FABELMAN,2022
124,Your Place or Mine,your-place-or-mine,https://phimmoi9.net/cho-em-hay-cho-anh.html,https://likecdn.net/v/9341196028.html,https://ssplay.net/v/740566433717807.html,https://phimmoi9.net/play.php?link=https://hd.hdbophim.com/20230210/31203_d5f0b019/index.m3u8,CHỖ EM HAY CHỖ ANH?,2023
125,Somebody I Used to Know,somebody-i-used-to-know,https://phimmoi9.net/nguoi-tung-quen.html,https://phimmoi9.net/play.php?link=https://hd.hdbophim.com/20230210/31243_f425d19b/index.m3u8,,,NGƯỜI TỪNG QUEN,2023
126,Halloween 5: The Revenge of Michael Myers,halloween-5-the-revenge-of-michael-myers,https://phimmoi9.net/halloween-5-michael-myers-bao-thu.html,https://phimmoi9.net/play.php?link=https://kd.hd-bophim.com/20230210/30964_66cdf671/index.m3u8,,,HALLOWEEN 5: MICHAEL MYERS BÁO THÙ,1989
127,Green Street 3: Never Back Down,green-street-3-never-back-down,https://phimmoi9.net/khong-chun-buoc-3.html,https://phimmoi9.net/play.php?link=https://kd.hd-bophim.com/20230210/30963_55263495/index.m3u8,,,KHÔNG CHÙN BƯỚC 3,2013
128,Return to House on Haunted Hill,return-to-house-on-haunted-hill,https://phimmoi9.net/return-to-house-on-haunted-hill.html,https://phimmoi9.net/play.php?link=https://kd.hd-bophim.com/20230210/30965_c7ba127f/index.m3u8,,,RETURN TO HOUSE ON HAUNTED HILL,2007
129,The Frighteners,the-frighteners,https://phimmoi9.net/the-frighteners.html,https://phimmoi9.net/play.php?link=https://kd.hd-bophim.com/20230210/30966_61b91f3a/index.m3u8,,,THE FRIGHTENERS,1996
130,A Touch of Sin,a-touch-of-sin,https://phimmoi9.net/cham-vao-toi-ac.html,https://phimmoi9.net/play.php?link=https://kd.hd-bophim.com/20230209/30882_33c88cd7/index.m3u8,,,CHẠM VÀO TỘI ÁC,2013
131,ベクシル 2077日本鎖国,bekusiru-2077ri-ben-suo-guo,https://phimmoi9.net/vexille.html,,,,VEXILLE,2007
132,Afro Samurai: Resurrection,afro-samurai-resurrection,https://phimmoi9.net/afro-samurai-resurrection.html,,,,AFRO SAMURAI: RESURRECTION,2009
133,Груз 200,gruz-200,https://phimmoi9.net/cargo-200.html,https://phimmoi9.net/play.php?link=https://kd.hd-bophim.com/20230210/30959_2625baf7/index.m3u8,,,CARGO 200,2007
134,Free Willy: Escape from Pirates Cove,free-willy-escape-from-pirates-cove,https://phimmoi9.net/giai-cuu-willy-thoat-khoi-vinh-hai-tac.html,https://phimmoi9.net/play.php?link=https://kd.hd-bophim.com/20230210/30960_4769877a/index.m3u8,,,GIẢI CỨU WILLY: THOÁT KHỎI VỊNH HẢI TẶC,2010
135,From Russia with Love,from-russia-with-love,https://phimmoi9.net/diep-vien-007-tinh-yeu-den-tu-nuoc-nga.html,https://likecdn.net/v/6877826456.html,https://ssplay.net/v/136327827970186.html,https://phimmoi9.net/play.php?link=https://kd.hd-bophim.com/20230210/30961_e70e8bec/index.m3u8,ĐIỆP VIÊN 007: TÌNH YÊU ĐẾN TỪ NƯỚC NGA,1963
136,Get Shorty,get-shorty,https://phimmoi9.net/giang-ho-me-dien-anh.html,https://phimmoi9.net/play.php?link=https://kd.hd-bophim.com/20230210/30962_503c8800/index.m3u8,,,GIANG HỒ MÊ ĐIỆN ẢNH,1995
137,Batman: Assault on Arkham,batman-assault-on-arkham,https://phimmoi9.net/batman-arkham-that-thu.html,https://phimmoi9.net/play.php?link=https://kd.hd-bophim.com/20230209/30885_e05cdcff/index.m3u8,,,BATMAN: ARKHAM THẤT THỦ,2014
138,Halloween 4: The Return of Michael Myers,halloween-4-the-return-of-michael-myers,https://phimmoi9.net/halloween-4-su-tro-lai-cua-michael-myers.html,https://phimmoi9.net/play.php?link=https://kd.hd-bophim.com/20230210/30893_71a444e3/index.m3u8,,,HALLOWEEN 4: SỰ TRỞ LẠI CỦA MICHAEL MYERS,1988
139,Unknown,unknown,https://phimmoi9.net/unknown.html,https://phimmoi9.net/play.php?link=https://kd.hd-bophim.com/20230210/30900_47226d5b/index.m3u8,,,UNKNOWN,2006
140,Deck the Halls,deck-the-halls,https://phimmoi9.net/deck-the-halls.html,https://phimmoi9.net/play.php?link=https://kd.hd-bophim.com/20230210/30889_6706a3cc/index.m3u8,,,DECK THE HALLS,2006
141,Boso Dos,boso-dos,https://phimmoi9.net/dac-vu.html,https://likecdn.net/v/9799142421.html,https://ssplay.net/v/782250038865539.html,https://phimmoi9.net/play.php?link=https://kd.hd-bophim.com/20230210/30982_46fa4951/index.m3u8,ĐẶC VỤ,2023
142,迷城之正义对决,mi-cheng-zhi-zheng-yi-dui-jue,https://phimmoi9.net/thanh-pho-that-lac-cuoc-chien-cong-ly.html,https://phimmoi9.net/play.php?link=https://hd.hdbophim.com/20230210/31172_7ec39a9d/index.m3u8,,,THÀNH PHỐ THẤT LẠC: CUỘC CHIẾN CÔNG LÝ,2023
143,Venus,venus,https://phimmoi9.net/ve-nu.html,https://likecdn.net/v/7685707592.html,https://ssplay.net/v/443506173375580.html,https://phimmoi9.net/play.php?link=https://1080.hdphimonline.com/20230210/42698_4cfa76a7/index.m3u8,VỆ NỮ,2022
144,대한민국 최강 오피스녀 모음집,daehanmingug-coegang-opiseunyeo-moeumjib,https://phimmoi9.net/bo-suu-tap-cac-co-nang-goi-cam-cua-cong-ty.html,https://phimmoi9.net/play.php?link=https://vie.haiphim.com/20230210/26321_a515269f/index.m3u8,,,BỘ SƯU TẬP CÁC CÔ NÀNG GỢI CẢM CỦA CÔNG TY,2021
145,옆집남자 왕성기,yeopjibnamja-wangseonggi,https://phimmoi9.net/anh-hang-xom-dep-trai.html,https://phimmoi9.net/play.php?link=https://vie.haiphim.com/20230210/26320_e2698d24/index.m3u8,,,ANH HÀNG XÓM ĐẸP TRAI,2022
146,Camille Claudel,camille-claudel,https://phimmoi9.net/camille-cuoc-doi-va-so-phan.html,https://phimmoi9.net/play.php?link=https://kd.hd-bophim.com/20230209/30823_25bcee22/index.m3u8,,,CAMILLE: CUỘC ĐỜI VÀ SỐ PHẬN,1988
147,Encounters at the End of the World,encounters-at-the-end-of-the-world,https://phimmoi9.net/encounters-at-the-end-of-the-world.html,https://phimmoi9.net/play.php?link=https://kd.hd-bophim.com/20230209/30832_cf5d8ce4/index.m3u8,,,ENCOUNTERS AT THE END OF THE WORLD,2007
148,Fantômas se déchaîne,fantomas-se-dechaine,https://phimmoi9.net/fantomas-unleashed.html,https://phimmoi9.net/play.php?link=https://kd.hd-bophim.com/20230209/30841_b8f1889c/index.m3u8,,,FANTOMAS UNLEASHED,1965
149,Frankensteins Army,frankensteins-army,https://phimmoi9.net/doi-quan-ma.html,https://phimmoi9.net/play.php?link=https://kd.hd-bophim.com/20230209/30845_147b394e/index.m3u8,,,ĐỘI QUÂN MA,2013
150,"Honey, I Blew Up the Kid",honey-i-blew-up-the-kid,https://phimmoi9.net/em-yeu-anh-da-phong-to-cac-con.html,https://phimmoi9.net/play.php?link=https://kd.hd-bophim.com/20230209/30850_4459cfd3/index.m3u8,,,"EM YÊU, ANH ĐÃ PHÓNG TO CÁC CON",1992
151,Rambo: First Blood Part II,rambo-first-blood-part-ii,https://phimmoi9.net/chien-binh-rambo-2.html,https://phimmoi9.net/play.php?link=https://kd.hd-bophim.com/20230209/30853_647396e6/index.m3u8,,,CHIẾN BINH RAMBO 2,1985
152,The Jade and the Pearl,the-jade-and-the-pearl,https://phimmoi9.net/phi-thuy-minh-chau.html,https://phimmoi9.net/play.php?link=https://kd.hd-bophim.com/20230209/30860_23feafa0/index.m3u8,,,PHỈ THÚY MINH CHÂU,2010
153,The Pelican Brief,the-pelican-brief,https://phimmoi9.net/ho-so-bo-nong.html,https://phimmoi9.net/play.php?link=https://kd.hd-bophim.com/20230209/30863_bb0bcbea/index.m3u8,,,HỒ SƠ BỒ NÔNG,1993
154,The Three Caballeros,the-three-caballeros,https://phimmoi9.net/ba-quy-ong.html,,,,BA QUÝ ÔNG,1944
155,Runaway Bride,runaway-bride,https://phimmoi9.net/co-dau-chay-tron.html,https://phimmoi9.net/play.php?link=https://kd.hd-bophim.com/20230209/30857_376df614/index.m3u8,,,CÔ DÂU CHẠY TRỐN,1999
156,Awakenings,awakenings,https://phimmoi9.net/awakenings.html,https://phimmoi9.net/play.php?link=https://kd.hd-bophim.com/20230209/30813_5d60434e/index.m3u8,,,AWAKENINGS,1990
157,Dragon Shaking Coffin,dragon-shaking-coffin,https://phimmoi9.net/ham-long-thien-quan.html,https://likecdn.net/v/3444314267.html,https://ssplay.net/v/359966121613979.html,https://phimmoi9.net/play.php?link=https://hd.hdbophim.com/20230209/30966_af9c1c39/index.m3u8,HÁM LONG THIÊN QUAN,2021
158,Mutant Tiger,mutant-tiger,https://phimmoi9.net/cuong-ho-nguy-thanh.html,https://likecdn.net/v/7464442356.html,https://ssplay.net/v/779929524494542.html,https://phimmoi9.net/play.php?link=https://hd.hdbophim.com/20230209/30965_73241304/index.m3u8,CUỒNG HỔ NGUY THÀNH,2022
159,The Fox and the Hound,the-fox-and-the-hound,https://phimmoi9.net/cao-va-cho-san.html,,,,CÁO VÀ CHÓ SĂN,1981
160,Dr. Jason Leong: Ride With Caution,dr-jason-leong-ride-with-caution,https://phimmoi9.net/bac-si-jason-leong-di-can-than.html,https://phimmoi9.net/play.php?link=https://kd.hd-bophim.com/20230209/30771_049e5a9f/index.m3u8,,,BÁC SĨ JASON LEONG: ĐI CẨN THẬN,2023
161,Autumn Sonata,autumn-sonata,https://phimmoi9.net/ban-xo-nat-mua-thu.html,https://phimmoi9.net/play.php?link=https://kd.hd-bophim.com/20230208/30757_d59063ef/index.m3u8,,,BẢN XÔ-NÁT MÙA THU,1978
162,Cries u0026 Whispers,cries-u0026-whispers,https://phimmoi9.net/gao-thet-va-thi-tham.html,https://phimmoi9.net/play.php?link=https://kd.hd-bophim.com/20230208/30758_66552864/index.m3u8,,,GÀO THÉT VÀ THÌ THẦM,1972
163,Sgt. Bilko,sgt-bilko,https://phimmoi9.net/sgt-bilko.html,https://phimmoi9.net/play.php?link=https://kd.hd-bophim.com/20230208/30766_6b88dc22/index.m3u8,,,SGT. BILKO,1996
164,Dog Soldiers,dog-soldiers,https://phimmoi9.net/soi-dot-bien.html,https://phimmoi9.net/play.php?link=https://kd.hd-bophim.com/20230208/30760_346897ec/index.m3u8,,,SÓI ĐỘT BIẾN,2002
165,Smultronstället,smultronstallet,https://phimmoi9.net/trai-dau-dai.html,https://phimmoi9.net/play.php?link=https://kd.hd-bophim.com/20230208/30770_3b588eb8/index.m3u8,,,TRÁI DÂU DẠI,1957
166,Private School,private-school,https://phimmoi9.net/truong-nu-tu-thuc.html,https://phimmoi9.net/play.php?link=https://kd.hd-bophim.com/20230208/30765_4cf29add/index.m3u8,,,TRƯỜNG NŨ TƯ THỤC,1983
167,Fanny Và Alexander,fanny-va-alexander,https://phimmoi9.net/fanny-and-alexander.html,https://phimmoi9.net/play.php?link=https://kd.hd-bophim.com/20230208/30761_1aa6b6de/index.m3u8,,,FANNY AND ALEXANDER,1982
168,Love and Honor,love-and-honor,https://phimmoi9.net/love-and-honor.html,https://phimmoi9.net/play.php?link=https://kd.hd-bophim.com/20230208/30763_d0262c0a/index.m3u8,,,LOVE AND HONOR,2013
169,Sommaren med Monika,sommaren-med-monika,https://phimmoi9.net/mua-he-mat-me.html,https://phimmoi9.net/play.php?link=https://kd.hd-bophim.com/20230208/30767_0b921689/index.m3u8,,,MÙA HÈ MÁT MẺ,1953
170,New Fist of Fury,new-fist-of-fury,https://phimmoi9.net/new-fist-of-fury.html,https://phimmoi9.net/play.php?link=https://kd.hd-bophim.com/20230208/30764_ac84865a/index.m3u8,,,NEW FIST OF FURY,1976
171,Toy Story Toons: Partysaurus Rex,toy-story-toons-partysaurus-rex,https://phimmoi9.net/cau-chuyen-do-choi-bua-tiec-trong-phong-tam.html,,,,CÂU CHUYỆN ĐỒ CHƠI: BỮA TIỆC TRONG PHÒNG TẮM,2012
172,A Christmas Prince,a-christmas-prince,https://phimmoi9.net/a-christmas-prince.html,https://phimmoi9.net/play.php?link=https://kd.hd-bophim.com/20230208/30756_a2769401/index.m3u8,,,A CHRISTMAS PRINCE,2017
173,Doctor Strange,doctor-strange,https://phimmoi9.net/bac-si-da-tai.html,,,,BÁC SĨ ĐA TÀI,2007
174,Lava,lava,https://phimmoi9.net/chuyen-tinh-ngon-nui-lua-lava.html,,,,CHUYỆN TÌNH NGỌN NÚI LỬA - LAVA,2014
175,만족할 때까지 세워주는 D컵 애인대행,manjoghal-ddaeggaji-seweojuneun-dkeob-aeindaehaeng,https://phimmoi9.net/cong-ty-cho-thue-nguoi-yeu-co-d.html,https://phimmoi9.net/play.php?link=https://vie.haiphim.com/20230208/26297_62c0fc5c/index.m3u8,,,CÔNG TY CHO THUÊ NGƯỜI YÊU CỠ D,2021
176,은밀한 섹스 – 우리 서로 바꿔요,eunmilhan-segseu-uri-seoro-baggweoyo,https://phimmoi9.net/bi-mat-hoan-doi-nguoi-yeu.html,https://phimmoi9.net/play.php?link=https://vie.haiphim.com/20230208/26296_6ee75f81/index.m3u8,,,BÍ MẬT HOÁN ĐỔI NGƯỜI YÊU,2022
177,Dragon Sword -Ancient Battlefield,dragon-sword-ancient-battlefield,https://phimmoi9.net/ngu-long-tu-tien-chien-truong-thuong-co.html,https://phimmoi9.net/play.php?link=https://hd.hdbophim.com/20230208/30894_ba12fa5c/index.m3u8,,,NGỰ LONG TU TIÊN: CHIẾN TRƯỜNG THƯỢNG CỔ,2023
178,Un cœur en hiver,un-coeur-en-hiver,https://phimmoi9.net/a-heart-in-winter.html,https://phimmoi9.net/play.php?link=https://kd.hd-bophim.com/20230207/30748_9770b2a9/index.m3u8,,,A HEART IN WINTER,1992
179,Astérix et le coup du menhir,asterix-et-le-coup-du-menhir,https://phimmoi9.net/asterix-and-the-big-fight.html,,,,ASTERIX AND THE BIG FIGHT,1989
180,Astérix chez les Bretons,asterix-chez-les-bretons,https://phimmoi9.net/asterix-in-britain.html,,,,ASTERIX IN BRITAIN,1986
181,The Final,the-final,https://phimmoi9.net/dieu-cuoi-cung.html,https://phimmoi9.net/play.php?link=https://kd.hd-bophim.com/20230207/30745_5be95a1d/index.m3u8,,,ĐIỀU CUỐI CÙNG,2010
182,Perfume: The Story of a Murderer,perfume-the-story-of-a-murderer,https://phimmoi9.net/perfume-the-story-of-a-murderer.html,https://phimmoi9.net/play.php?link=https://kd.hd-bophim.com/20230207/30739_b1d6cafe/index.m3u8,,,PERFUME: THE STORY OF A MURDERER,2006
183,The Bride with White Hair 2,the-bride-with-white-hair-2,https://phimmoi9.net/the-bride-with-white-hair-2.html,https://phimmoi9.net/play.php?link=https://kd.hd-bophim.com/20230207/30742_e3150889/index.m3u8,,,THE BRIDE WITH WHITE HAIR 2,1993
184,After Hours,after-hours,https://phimmoi9.net/ngoai-gio.html,https://phimmoi9.net/play.php?link=https://kd.hd-bophim.com/20230207/30735_76fd7351/index.m3u8,,,NGOÀI GIỜ,1985
185,Asterix and Cleopatra,asterix-and-cleopatra,https://phimmoi9.net/asterix-va-nu-hoang-ai-cap.html,,,,ASTERIX VÀ NỮ HOÀNG AI CẬP,1968
186,男たちの大和／YAMATO,nan-tatinoda-he-yamato,https://phimmoi9.net/yamato.html,https://phimmoi9.net/play.php?link=https://kd.hd-bophim.com/20230207/30720_c7032d7f/index.m3u8,,,YAMATO,2005
187,Two Lovers,two-lovers,https://phimmoi9.net/tinh-tay-ba.html,https://phimmoi9.net/play.php?link=https://kd.hd-bophim.com/20230207/30726_2fe0b79a/index.m3u8,,,TÌNH TAY BA,2008
188,Ticker,ticker,https://phimmoi9.net/ticker.html,https://phimmoi9.net/play.php?link=https://kd.hd-bophim.com/20230207/30724_df83d53b/index.m3u8,,,TICKER,2001
189,My Fair Lady,my-fair-lady,https://phimmoi9.net/yeu-dieu-thuc-nu.html,https://phimmoi9.net/play.php?link=https://kd.hd-bophim.com/20230207/30717_bf2e1f74/index.m3u8,,,YỂU ĐIỆU THỤC NỮ,1964
190,Space Chimps,space-chimps,https://phimmoi9.net/space-chimps.html,,,,SPACE CHIMPS,2008
191,You Got Served,you-got-served,https://phimmoi9.net/vu-dieu-soi-dong.html,https://phimmoi9.net/play.php?link=https://kd.hd-bophim.com/20230207/30729_1e69acc1/index.m3u8,,,VŨ ĐIỆU SÔI ĐỘNG,2004
192,젖스타그램 : 무삭제,jeojseutageuraem-musagje,https://phimmoi9.net/chuong-trinh-cua-cac-co-nang-nguc-khung.html,https://phimmoi9.net/play.php?link=https://vie.haiphim.com/20230207/26293_4deef15c/index.m3u8,,,CHƯƠNG TRÌNH CỦA CÁC CÔ NÀNG NGỰC KHỦNG,2021
193,음란산장 : 수상한 약장수,eumransanjang-susanghan-yagjangsu,https://phimmoi9.net/biet-thu-dang-ngo.html,https://phimmoi9.net/play.php?link=https://vie.haiphim.com/20230207/26292_e099326b/index.m3u8,,,BIỆT THỰ ĐÁNG NGỜ,2022
194,The Demon Suppressors: West Barbarian Beast,the-demon-suppressors-west-barbarian-beast,https://phimmoi9.net/tran-ma-ti-tay-vuc-di-thu.html,https://likecdn.net/v/7541333991.html,https://ssplay.net/v/984341468662023.html,https://phimmoi9.net/play.php?link=https://hd.hdbophim.com/20230207/30831_149d349a/index.m3u8,TRẤN MA TI: TÂY VỰC DỊ THÚ,2021
195,Cat on a Hot Tin Roof,cat-on-a-hot-tin-roof,https://phimmoi9.net/su-doi-tra-ngot-ngao.html,https://phimmoi9.net/play.php?link=https://kd.hd-bophim.com/20230206/30596_c68e6a03/index.m3u8,,,SỰ DỐI TRÁ NGỌT NGÀO,1958
196,Superman - Batman: Public Enemies,superman-batman-public-enemies,https://phimmoi9.net/sieu-nhan-va-nguoi-doi-ke-thu-quoc-gia.html,,,,SIÊU NHÂN VÀ NGƯỜI DƠI: KẺ THÙ QUỐC GIA,2009
197,Thunderbolt Và Lightfoot,thunderbolt-va-lightfoot,https://phimmoi9.net/thunderbolt-and-lightfoot.html,https://phimmoi9.net/play.php?link=https://kd.hd-bophim.com/20230206/30605_eed1503d/index.m3u8,,,THUNDERBOLT AND LIGHTFOOT,1974
198,The Good Son,the-good-son,https://phimmoi9.net/the-good-son.html,https://phimmoi9.net/play.php?link=https://kd.hd-bophim.com/20230206/30601_66183d75/index.m3u8,,,THE GOOD SON,1993
199,Wake of Death,wake-of-death,https://phimmoi9.net/tu-than-thuc-giac.html,https://phimmoi9.net/play.php?link=https://kd.hd-bophim.com/20230206/30606_cc89d5d6/index.m3u8,,,TỬ THẦN THỨC GIẤC,2004
200,Sinbad: Legend of the Seven Seas,sinbad-legend-of-the-seven-seas,https://phimmoi9.net/sinbad-huyen-thoai-bay-dai-duong.html,,,,SINBAD: HUYỀN THOẠI BẢY ĐẠI DƯƠNG,2003
201,The Messenger: The Story of Joan of Arc,the-messenger-the-story-of-joan-of-arc,https://phimmoi9.net/the-messenger-the-story-of-joan-of-arc.html,https://phimmoi9.net/play.php?link=https://kd.hd-bophim.com/20230206/30528_a766b61a/index.m3u8,,,CÂU CHUYỆN VỀ THÁNH NỮ JEANNE DARC,1999
202,Red Scorpion,red-scorpion,https://phimmoi9.net/bo-cap-do.html,https://phimmoi9.net/play.php?link=https://kd.hd-bophim.com/20230206/30497_c7315ed5/index.m3u8,,,BỌ CẠP ĐỎ,1988
203,Driven to Kill,driven-to-kill,https://phimmoi9.net/tam-na-sat-thu.html,https://phimmoi9.net/play.php?link=https://kd.hd-bophim.com/20230206/30479_d54b0eb5/index.m3u8,,,TẦM NÃ SÁT THỦ,2009
204,Justice League: The New Frontier,justice-league-the-new-frontier,https://phimmoi9.net/lien-minh-cong-ly-bien-gioi-moi.html,,,,LIÊN MINH CÔNG LÝ: BIÊN GIỚI MỚI,2008
205,Swades,swades,https://phimmoi9.net/chung-ta-nhan-dan-an-do.html,https://phimmoi9.net/play.php?link=https://kd.hd-bophim.com/20230206/30506_68cae548/index.m3u8,,,"CHÚNG TA, NHÂN DÂN ẤN ĐỘ",2004
206,To End All Wars,to-end-all-wars,https://phimmoi9.net/to-end-all-wars.html,https://phimmoi9.net/play.php?link=https://kd.hd-bophim.com/20230206/30536_4bb76766/index.m3u8,,,TO END ALL WARS,2001
207,The Place Promised in Our Early Days,the-place-promised-in-our-early-days,https://phimmoi9.net/ben-kia-dam-may-noi-ta-hen-uoc.html,,,,"BÊN KIA ĐÁM MÂY, NƠI TA HẸN ƯỚC",2004
208,4.48,4-48,https://phimmoi9.net/theo-dau-sarah-kane.html,https://phimmoi9.net/play.php?link=https://1080.hdphimonline.com/20230206/42461_ae32db4c/index.m3u8,,,THEO DẤU SARAH KANE,2014
209,It Could Happen to You,it-could-happen-to-you,https://phimmoi9.net/it-could-happen-to-you.html,https://phimmoi9.net/play.php?link=https://kd.hd-bophim.com/20230206/30484_9bf90877/index.m3u8,,,IT COULD HAPPEN TO YOU,1994
210,Django,django,https://phimmoi9.net/cao-boi-django.html,https://phimmoi9.net/play.php?link=https://kd.hd-bophim.com/20230206/30473_ad008b62/index.m3u8,,,CAO BỒI DJANGO,1966
211,The Guns of Navarone,the-guns-of-navarone,https://phimmoi9.net/dai-phao-thanh-navarone.html,https://phimmoi9.net/play.php?link=https://kd.hd-bophim.com/20230206/30516_74f04963/index.m3u8,,,ĐẠI PHÁO THÀNH NAVARONE,1961
212,Kumanthong 2: Jackpot Island,kumanthong-2-jackpot-island,https://phimmoi9.net/dao-doc-dac-tu-mau-thien-linh-cai.html,https://phimmoi9.net/play.php?link=https://hd.hdbophim.com/20230206/30812_dd91bdbc/index.m3u8,,,ĐẢO ĐỘC ĐẮC - TỬ MẪU THIÊN LINH CÁI,2022
213,Saints and Soldiers,saints-and-soldiers,https://phimmoi9.net/nhung-chien-binh-mang-ten-thanh.html,https://phimmoi9.net/play.php?link=https://aa.nguonphimmoi.com/20220523/16744_08519027/index.m3u8,,,NHỮNG CHIẾN BINH MANG TÊN THÁNH,2005
214,The Space Between,the-space-between,https://phimmoi9.net/khoang-trong-trung-gian.html,https://phimmoi9.net/play.php?link=https://hd.hdbophim.com/20230206/30811_c70180f5/index.m3u8,,,KHOẢNG TRỐNG TRUNG GIAN / KHOẢNG CÁCH THẾ HỆ,2021
215,에로배우!! 안할래!,erobaeu-anhalrae,https://phimmoi9.net/toi-muon-tro-thanh-dien-vien-18.html,https://phimmoi9.net/play.php?link=https://vie.haiphim.com/20230206/26286_5347222a/index.m3u8,,,TÔI MUỐN TRỞ THÀNH DIỄN VIÊN 18+,2022
216,24시간 젖어있는 변태 여후배,24sigan-jeojeoissneun-byeontae-yeohubae,https://phimmoi9.net/thu-thach-mot-ngay-lam-theo-y-cac-chang-trai-tren-pho.html,https://phimmoi9.net/play.php?link=https://vie.haiphim.com/20230206/26285_17ef9157/index.m3u8,,,THỬ THÁCH MỘT NGÀY LÀM THEO Ý CÁC CHÀNG TRAI TRÊN PHỐ,2022
217,Sniper: vengeance,sniper-vengeance,https://phimmoi9.net/xa-thu-ban-tia-phan-kich.html,https://ssplay.net/v/990771042803923.html,https://phimmoi9.net/play.php?link=https://1080.hdphimonline.com/20230206/42458_0eef4b1e/index.m3u8,,XẠ THỦ BẮN TỈA: PHẢN KÍCH,2023
218,Wife’s double life,wifes-double-life,https://phimmoi9.net/chuyen-ngoai-tinh-cua-vo.html,https://phimmoi9.net/play.php?link=https://vie.haiphim.com/20230202/26248_8948c999/index.m3u8,,,CHUYỆN NGOẠI TÌNH CỦA VỢ,2020
219,Motel Room 302,motel-room-302,https://phimmoi9.net/nha-nghi-phong-302.html,https://phimmoi9.net/play.php?link=https://kd.hd-bophim.com/20220423/9497_5d619fd8/index.m3u8,,,NHÀ NGHỈ PHÒNG 302,2021
220,The Aunty Next Door,the-aunty-next-door,https://phimmoi9.net/hang-xom-cua-toi-la-nguoi-noi-tieng.html,https://phimmoi9.net/play.php?link=https://kd.hd-bophim.com/20220515/11905_32448661/index.m3u8,,,HÀNG XÓM CỦA TÔI LÀ NGƯỜI NỔI TIẾNG,2021
221,Stalk Queen,stalk-queen,https://phimmoi9.net/rinh-rap-em-gai-xinh-dep.html,https://phimmoi9.net/play.php?link=https://kd.hd-bophim.com/20220515/11906_e3d94f32/index.m3u8,,,RÌNH RẬP EM GÁI XINH ĐẸP,2022
222,The White Room - Ten Secrets,the-white-room-ten-secrets,https://phimmoi9.net/bi-mat-trong-can-phong-mau-trang.html,https://phimmoi9.net/play.php?link=https://kd.hd-bophim.com/20220514/11766_37b8b048/index.m3u8,,,BÍ MẬT TRONG CĂN PHÒNG MÀU TRẮNG,2021
223,그놈의 비밀섹스,geunomyi-bimilsegseu,https://phimmoi9.net/bi-mat-cua-young-joo.html,https://ssplay.net/v/577718474798732.html,https://phimmoi9.net/play.php?link=https://kd.hd-bophim.com/20220423/9496_0118ac6a/index.m3u8,,BÍ MẬT CỦA YOUNG-JOO,2021
224,AS Center Daishin Man,as-center-daishin-man,https://phimmoi9.net/trung-tam-dieu-tri-tinh-than.html,https://ssplay.net/v/233917670945326.html,https://phimmoi9.net/play.php?link=https://kd.hd-bophim.com/20220420/9000_c4963df7/index.m3u8,,TRUNG TÂM ĐIỀU TRỊ TINH THẦN,2022
225,Two Wives: A Dizzy Cohabitation,two-wives-a-dizzy-cohabitation,https://phimmoi9.net/song-cung-hai-nguoi-vo.html,https://phimmoi9.net/play.php?link=https://kd.hd-bophim.com/20220420/8999_a5013123/index.m3u8,,,SỐNG CÙNG HAI NGƯỜI VỢ,2020
226,Tasty Chicken And Sex,tasty-chicken-and-sex,https://phimmoi9.net/dich-vu-chan-ga.html,https://phimmoi9.net/play.php?link=https://kd.hd-bophim.com/20220418/8434_f49ddfc4/index.m3u8,,,DỊCH VỤ CHĂN GÀ,2017
227,Legendary Texas Princess,legendary-texas-princess,https://phimmoi9.net/huyen-thoai-cong-chua-texas.html,https://ssplay.net/v/486015795833534.html,https://phimmoi9.net/play.php?link=https://kd.hd-bophim.com/20220418/8435_063f60b1/index.m3u8,,HUYỀN THOẠI CÔNG CHÚA TEXAS,2021
228,Stalingrad,stalingrad,https://phimmoi9.net/tran-chien-stalingrad.html,https://phimmoi9.net/play.php?link=https://kd.hd-bophim.com/20230205/30360_468f4aa8/index.m3u8,,,TRẬN CHIẾN STALINGRAD,1993
229,Ultimate Avengers 2: Rise of the Panther,ultimate-avengers-2-rise-of-the-panther,https://phimmoi9.net/ultimate-avengers-2-rise-of-the-panther.html,,,,ULTIMATE AVENGERS 2: RISE OF THE PANTHER,2006
230,Ultimate Avengers: The Movie,ultimate-avengers-the-movie,https://phimmoi9.net/ultimate-avengers-the-movie.html,,,,ULTIMATE AVENGERS: THE MOVIE,2006
231,Starman,starman,https://phimmoi9.net/starman.html,https://phimmoi9.net/play.php?link=https://kd.hd-bophim.com/20230205/30361_8309616c/index.m3u8,,,STARMAN,1984
232,Pale Rider,pale-rider,https://phimmoi9.net/thien-than-trung-phat.html,https://phimmoi9.net/play.php?link=https://kd.hd-bophim.com/20230205/30359_fec66f90/index.m3u8,,,THIÊN THẦN TRỪNG PHẠT,1985
233,Walkabout,walkabout,https://phimmoi9.net/walkabout.html,https://phimmoi9.net/play.php?link=https://kd.hd-bophim.com/20230205/30365_c94c0408/index.m3u8,,,WALKABOUT,1971
234,Ikiru,ikiru,https://phimmoi9.net/ikiru.html,https://phimmoi9.net/play.php?link=https://kd.hd-bophim.com/20230205/30356_c82abcb5/index.m3u8,,,IKIRU,1952
235,My Name Is Nobody,my-name-is-nobody,https://phimmoi9.net/ten-toi-la-khong-ai-het.html,https://phimmoi9.net/play.php?link=https://kd.hd-bophim.com/20230205/30357_eecc9ebe/index.m3u8,,,TÊN TÔI LÀ KHÔNG AI HẾT,1973
236,The Mothman Prophecies,the-mothman-prophecies,https://phimmoi9.net/loi-nguyen-dang-so.html,https://phimmoi9.net/play.php?link=https://kd.hd-bophim.com/20230205/30362_cfd80df4/index.m3u8,,,LỜI NGUYỀN ĐÁNG SỢ,2002
237,홀인원: 어서 와서 넣어줘요,holinweon-eoseo-waseo-neoheojweoyo,https://phimmoi9.net/mot-gay-la-vao-lo.html,https://phimmoi9.net/play.php?link=https://vie.haiphim.com/20230205/26279_5b4b70ad/index.m3u8,,,MỘT GẬY LÀ VÀO LỖ,2022
238,하숙집: 밥보다 섹스 맛집 – 무삭제,hasugjib-babboda-segseu-masjib-musagje,https://phimmoi9.net/nha-tro-69-dong-gach-thay-com.html,https://phimmoi9.net/play.php?link=https://vie.haiphim.com/20230205/26278_b563355f/index.m3u8,,,NHÀ TRỌ 69: ĐÓNG GẠCH THAY CƠM,2022
239,Kwaidan,kwaidan,https://phimmoi9.net/cau-chuyen-ma-quy.html,https://phimmoi9.net/play.php?link=https://kd.hd-bophim.com/20230204/30222_742eff01/index.m3u8,,,CÂU CHUYỆN MA QUỶ,1964
240,Hesher,hesher,https://phimmoi9.net/sa-lay.html,https://phimmoi9.net/play.php?link=https://kd.hd-bophim.com/20230204/30220_aa8a494a/index.m3u8,,,SA LẦY,2010
241,The Killing,the-killing,https://phimmoi9.net/the-killing.html,https://phimmoi9.net/play.php?link=https://kd.hd-bophim.com/20230204/30224_ea4c7fe1/index.m3u8,,,THE KILLING,1956
242,Deep Rising,deep-rising,https://phimmoi9.net/deep-rising.html,https://phimmoi9.net/play.php?link=https://kd.hd-bophim.com/20230204/30219_d7af6aa5/index.m3u8,,,DEEP RISING,1998
243,Charade,charade,https://phimmoi9.net/cau-do.html,https://phimmoi9.net/play.php?link=https://kd.hd-bophim.com/20230204/30216_1441bc0e/index.m3u8,,,CÂU ĐỐ,1963
244,The Heiress,the-heiress,https://phimmoi9.net/the-heiress.html,https://phimmoi9.net/play.php?link=https://kd.hd-bophim.com/20230204/30223_8ac97b2d/index.m3u8,,,THE HEIRESS,1949
245,Big Nothing,big-nothing,https://phimmoi9.net/khong-la-cai-dinh-gi.html,https://phimmoi9.net/play.php?link=https://kd.hd-bophim.com/20230204/30214_e11197ae/index.m3u8,,,KHÔNG LÀ CÁI ĐINH GỈ,2006
246,Tsotsi,tsotsi,https://phimmoi9.net/ke-dau-gau.html,https://phimmoi9.net/play.php?link=https://kd.hd-bophim.com/20230204/30226_7965a043/index.m3u8,,,KẺ ĐẦU GẤU,2005
247,Plane,plane,https://phimmoi9.net/bay-vao-tu-dia.html,https://likecdn.net/v/2987087629.html,https://ssplay.net/v/987653007523881.html,https://phimmoi9.net/play.php?link=https://hd.1080phim.com/20230205/32553_21ea0a0c/index.m3u8,BAY VÀO TỬ ĐỊA,2023
248,Largo Winch,largo-winch,https://phimmoi9.net/the-heir-apparent-largo-winch.html,https://phimmoi9.net/play.php?link=https://kd.hd-bophim.com/20230204/30204_600c08c5/index.m3u8,,,THE HEIR APPARENT: LARGO WINCH,2008
249,A Patch of Blue,a-patch-of-blue,https://phimmoi9.net/a-patch-of-blue.html,https://phimmoi9.net/play.php?link=https://kd.hd-bophim.com/20230204/30213_e3eb2067/index.m3u8,,,A PATCH OF BLUE,1965
250,Cross of Iron,cross-of-iron,https://phimmoi9.net/vuot-qua-thu-thach.html,https://phimmoi9.net/play.php?link=https://kd.hd-bophim.com/20230204/30218_c20a3574/index.m3u8,,,VƯỢT QUA THỬ THÁCH,1977
251,자기 전에 박히면 꼼짝 못해,jagi-jeone-baghimyeon-ggomjjag-moshae,https://phimmoi9.net/em-khong-the-cu-dong-khi-roi-vao-tay-anh.html,https://phimmoi9.net/play.php?link=https://vie.haiphim.com/20230204/26271_49714e9d/index.m3u8,,,EM KHÔNG THỂ CỬ ĐỘNG KHI RƠI VÀO TAY ANH,2022
252,Sansho the Bailiff,sansho-the-bailiff,https://phimmoi9.net/dia-chu-sansho.html,https://phimmoi9.net/play.php?link=https://kd.hd-bophim.com/20230203/30138_81357d5f/index.m3u8,,,ĐỊA CHỦ SANSHO,1954
253,전망 좋은 요트: 천국으로 가는 요트,jeonmang-joheun-yoteu-ceongugeuro-ganeun-yoteu,https://phimmoi9.net/du-thuyen-den-thien-duong.html,https://phimmoi9.net/play.php?link=https://vie.haiphim.com/20230204/26272_e05fdf16/index.m3u8,,,DU THUYỀN ĐẾN THIÊN ĐƯỜNG,2022
254,Lawman,lawman,https://phimmoi9.net/lawman.html,https://phimmoi9.net/play.php?link=https://kd.hd-bophim.com/20230203/30136_44154c47/index.m3u8,,,LAWMAN,1971
255,Jane Austens Mafia!,jane-austens-mafia,https://phimmoi9.net/doi-dau-mafia.html,https://phimmoi9.net/play.php?link=https://kd.hd-bophim.com/20230203/30137_5e50aa30/index.m3u8,,,ĐỐI ĐẦU MAFIA,1998
256,The Magnificent Butcher,the-magnificent-butcher,https://phimmoi9.net/the-magnificent-butcher.html,https://phimmoi9.net/play.php?link=https://kd.hd-bophim.com/20230203/30140_731af7c4/index.m3u8,,,THE MAGNIFICENT BUTCHER,1979
257,Straw Dogs,straw-dogs,https://phimmoi9.net/cho-rom.html,https://phimmoi9.net/play.php?link=https://kd.hd-bophim.com/20230203/30139_9770b2a6/index.m3u8,,,CHÓ RƠM,1971
258,In the Shadow of the Moon,in-the-shadow-of-the-moon,https://phimmoi9.net/vung-khuat-cua-mat-trang.html,https://phimmoi9.net/play.php?link=https://kd.hd-bophim.com/20230203/30132_da39c297/index.m3u8,,,VÙNG KHUẤT CỦA MẶT TRĂNG,2007
259,"Jeanne Dielman, 23, quai du Commerce, 1080 Bruxelles",jeanne-dielman-23-quai-du-commerce-1080-bruxelles,https://phimmoi9.net/jeanne-dielman-23-quai-du-commerce-1080-bruxelles.html,https://phimmoi9.net/play.php?link=https://kd.hd-bophim.com/20230203/30133_636d3276/index.m3u8,,,"JEANNE DIELMAN, 23, QUAI DU COMMERCE, 1080 BRUXELLES",1975
260,Senna,senna,https://phimmoi9.net/senna.html,https://phimmoi9.net/play.php?link=https://kd.hd-bophim.com/20230203/30134_9a8ef5a4/index.m3u8,,,SENNA,2010
261,Deseo Deseo,deseo-deseo,https://phimmoi9.net/i-wish-i-wish.html,https://phimmoi9.net/play.php?link=https://kd.hd-bophim.com/20230203/30131_85bcb1dd/index.m3u8,,,"I WISH, I WISH",2016
262,Devils Playground,devils-playground,https://phimmoi9.net/san-choi-cua-quy.html,https://phimmoi9.net/play.php?link=https://kd.hd-bophim.com/20230203/30122_829b0764/index.m3u8,,,SÂN CHƠI CỦA QUỶ,2010
263,Pure Luck,pure-luck,https://phimmoi9.net/pure-luck.html,https://phimmoi9.net/play.php?link=https://kd.hd-bophim.com/20230203/30125_02d8d89d/index.m3u8,,,PURE LUCK,1991
264,Jeremiah Johnson,jeremiah-johnson,https://phimmoi9.net/nguoi-son-cuoc.html,https://phimmoi9.net/play.php?link=https://kd.hd-bophim.com/20230203/30123_4121f1e4/index.m3u8,,,NGƯỜI SƠN CƯỚC,1972
265,Sahara,sahara,https://phimmoi9.net/sahara.html,https://phimmoi9.net/play.php?link=https://kd.hd-bophim.com/20230203/30126_2f715312/index.m3u8,,,SAHARA,1995
266,The Secret Life of Bees,the-secret-life-of-bees,https://phimmoi9.net/tim-lai-yeu-thuong.html,https://phimmoi9.net/play.php?link=https://kd.hd-bophim.com/20230203/30129_c85a366e/index.m3u8,,,TÌM LẠI YÊU THƯƠNG,2008
267,The Count of Monte-Cristo,the-count-of-monte-cristo,https://phimmoi9.net/the-count-of-monte-cristo.html,https://phimmoi9.net/play.php?link=https://kd.hd-bophim.com/20230203/30128_6621560e/index.m3u8,,,THE COUNT OF MONTE-CRISTO,1975
268,The mob,the-mob,https://phimmoi9.net/long-ho-ba-vuong.html,https://phimmoi9.net/play.php?link=https://1080.hdphimonline.com/20230204/42228_dc612c46/index.m3u8,,,LONG HỔ BÁ VƯƠNG,2023
269,True Spirit,true-spirit,https://phimmoi9.net/true-spirit-hai-trinh-cua-jessica.html,https://phimmoi9.net/play.php?link=https://hd.1080phim.com/20230203/32495_5ddf9bdd/index.m3u8,,,TRUE SPIRIT: HẢI TRÌNH CỦA JESSICA,2023
270,Stromboli,stromboli,https://phimmoi9.net/stromboli.html,https://phimmoi9.net/play.php?link=https://hd.1080phim.com/20230203/32494_25a71dfa/index.m3u8,,,STROMBOLI,2022
271,The Kingdom of Women,the-kingdom-of-women,https://phimmoi9.net/kinh-hoa-duyen-quyet-chien-nu-nhi-quoc.html,https://phimmoi9.net/play.php?link=https://hd.1080phim.com/20230203/32491_573d9440/index.m3u8,,,KÍNH HOA DUYÊN: QUYẾT CHIẾN NỮ NHI QUỐC,2021
272,The Fire Phoenix,the-fire-phoenix,https://phimmoi9.net/bang-hoa-phuong.html,https://phimmoi9.net/play.php?link=https://hd.1080phim.com/20230203/32490_95677265/index.m3u8,,,BĂNG HỎA PHƯỢNG,2021
273,Viking Wolf,viking-wolf,https://phimmoi9.net/soi-viking.html,https://phimmoi9.net/play.php?link=https://hd.1080phim.com/20230203/32493_cc35dade/index.m3u8,,,SÓI VIKING,2022
274,Infiesto,infiesto,https://phimmoi9.net/infiesto.html,https://phimmoi9.net/play.php?link=https://hd.1080phim.com/20230203/32492_b5e01de1/index.m3u8,,,INFIESTO,2023
275,40대 미씨의 성생활 : 무삭제,40dae-missiyi-seongsaenghwal-musagje,https://phimmoi9.net/cuoc-song-hang-ngay-cua-doi-vo-chong-tre.html,https://phimmoi9.net/play.php?link=https://vie.haiphim.com/20230203/26263_cc25cb83/index.m3u8,,,CUỘC SỐNG HÀNG NGÀY CỦA ĐÔI VỢ CHỒNG TRẺ,2022
276,한국 장모님들 사위사랑 컬렉션,hangug-jangmonimdeul-sawisarang-keolregsyeon,https://phimmoi9.net/bo-suu-tap-nhung-co-vo-dam-dang.html,https://phimmoi9.net/play.php?link=https://vie.haiphim.com/20230203/26264_ca5c8a20/index.m3u8,,,BỘ SƯU TẬP NHỮNG CÔ VỢ ĐẢM ĐANG,2021
277,Interstate 60,interstate-60,https://phimmoi9.net/xa-lo-60.html,https://phimmoi9.net/play.php?link=https://hd.1080phim.com/20230203/32479_088e8860/index.m3u8,,,XA LỘ 60,2002
278,Faces of Anne,faces-of-anne,https://phimmoi9.net/co-gai-muon-mat.html,https://phimmoi9.net/play.php?link=https://hd.1080phim.com/20230203/32478_005a1e92/index.m3u8,,,CÔ GÁI MUÔN MẶT,2022
279,Relyebo,relyebo,https://phimmoi9.net/nguoi-tinh-nong-bong.html,https://phimmoi9.net/play.php?link=https://hd.1080phim.com/20230202/32460_ca2a7942/index.m3u8,,,NGƯỜI TÌNH NÓNG BỎNG,2022
280,Pabuya,pabuya,https://phimmoi9.net/gai-lua-tinh.html,https://phimmoi9.net/play.php?link=https://hd.1080phim.com/20230202/32459_db1cc6d3/index.m3u8,,,GÁI LỪA TÌNH,2022
281,Nasty Diver,nasty-diver,https://phimmoi9.net/tho-san-ban-thiu.html,https://phimmoi9.net/play.php?link=https://hd.1080phim.com/20230202/32458_ecc89a28/index.m3u8,,,THỢ SĂN BẨN THỈU,1977
282,Let the Corpses Tan,let-the-corpses-tan,https://phimmoi9.net/hay-de-xac-chet-tan.html,https://phimmoi9.net/play.php?link=https://hd.1080phim.com/20230202/32457_5ef8021b/index.m3u8,,,HÃY ĐỂ XÁC CHẾT TAN,2017
283,In the White City,in-the-white-city,https://phimmoi9.net/o-thanh-pho-trang.html,https://phimmoi9.net/play.php?link=https://hd.1080phim.com/20230202/32456_817b4065/index.m3u8,,,Ở THÀNH PHỐ TRẮNG,1983
284,Female Leopard,female-leopard,https://phimmoi9.net/nhung-gi-anh-ay-noi.html,https://phimmoi9.net/play.php?link=https://hd.1080phim.com/20230202/32455_b86286c4/index.m3u8,,,NHỮNG GÌ ANH ẤY NÓI,1985
285,6 Below: Miracle on the Mountain,6-below-miracle-on-the-mountain,https://phimmoi9.net/am-sau-do-phep-mau-tren-nui-tuyet.html,https://phimmoi9.net/play.php?link=https://hd.1080phim.com/20230202/32454_929017bd/index.m3u8,,,ÂM SÁU ĐỘ: PHÉP MÀU TRÊN NÚI TUYẾT,2017
286,Dennis the Menace,dennis-the-menace,https://phimmoi9.net/dennis-sieu-quay.html,https://phimmoi9.net/play.php?link=https://kd.hd-bophim.com/20230202/30111_06abfb37/index.m3u8,,,DENNIS SIÊU QUẬY,1993
287,Funny Face,funny-face,https://phimmoi9.net/funny-face.html,https://phimmoi9.net/play.php?link=https://kd.hd-bophim.com/20230202/30112_e8863e77/index.m3u8,,,FUNNY FACE,1957
288,The Goodbye Girl,the-goodbye-girl,https://phimmoi9.net/the-goodbye-girl.html,https://phimmoi9.net/play.php?link=https://kd.hd-bophim.com/20230202/30121_b8cf78b9/index.m3u8,,,THE GOODBYE GIRL,1977
289,Gaslight,gaslight,https://phimmoi9.net/rang-buoc.html,https://phimmoi9.net/play.php?link=https://kd.hd-bophim.com/20230202/30113_3b161530/index.m3u8,,,RÀNG BUỘC,1944
290,Thinner,thinner,https://phimmoi9.net/thinner.html,https://phimmoi9.net/play.php?link=https://kd.hd-bophim.com/20230202/30120_d7469dd0/index.m3u8,,,THINNER,1996
291,Nights in Rodanthe,nights-in-rodanthe,https://phimmoi9.net/nights-in-rodanthe.html,https://phimmoi9.net/play.php?link=https://kd.hd-bophim.com/20230202/30117_a0084ec5/index.m3u8,,,NIGHTS IN RODANTHE,2008
292,Jackass 3D,jackass-3d,https://phimmoi9.net/jackass-3d.html,https://phimmoi9.net/play.php?link=https://kd.hd-bophim.com/20230202/30116_d59e8790/index.m3u8,,,JACKASS 3D,2010
293,Interview with the Vampire,interview-with-the-vampire,https://phimmoi9.net/phong-van-ma-ca-rong.html,https://phimmoi9.net/play.php?link=https://kd.hd-bophim.com/20230202/30115_73b601f0/index.m3u8,,,PHỎNG VẤN MA CÀ RỒNG,1994
294,Summertime,summertime,https://phimmoi9.net/summertime.html,https://phimmoi9.net/play.php?link=https://kd.hd-bophim.com/20230202/30118_2878c0b3/index.m3u8,,,SUMMERTIME,1955
295,A Short Film About Love,a-short-film-about-love,https://phimmoi9.net/chuyen-co-hang-xom.html,https://phimmoi9.net/play.php?link=https://kd.hd-bophim.com/20230202/30110_bd3d2e95/index.m3u8,,,CHUYỆN CÔ HÀNG XÓM,1988
296,Gilda,gilda,https://phimmoi9.net/gilda.html,https://phimmoi9.net/play.php?link=https://kd.hd-bophim.com/20230202/30114_903bbb4b/index.m3u8,,,GILDA,1946
297,The Sacrament,the-sacrament,https://phimmoi9.net/vu-hen-the.html,https://phimmoi9.net/play.php?link=https://kd.hd-bophim.com/20230201/30091_ec761d11/index.m3u8,,,VỤ HẸN THỀ,2013
298,The Cincinnati Kid,the-cincinnati-kid,https://phimmoi9.net/the-cincinnati-kid.html,https://phimmoi9.net/play.php?link=https://kd.hd-bophim.com/20230201/30088_4b227bd5/index.m3u8,,,THE CINCINNATI KID,1965
299,Battle of the Bulge,battle-of-the-bulge,https://phimmoi9.net/tran-chien-xe-tang.html,https://phimmoi9.net/play.php?link=https://kd.hd-bophim.com/20230201/30086_1564ed47/index.m3u8,,,TRẬN CHIẾN XE TĂNG,1965
